Lake,Year,DOY,Chlorophyll,Phycocyanin,DissolvedOxygen_Saturation,pH,Temperature
Blackhawk Lake,2015,128,2.32,0.4,99.65,8.47,19.11
Blackhawk Lake,2015,129,0.78,0.3,102.26,8.5,18.25
Blackhawk Lake,2015,130,1.94,0.29,104.54,8.5,18.27
Blackhawk Lake,2015,131,2.94,0.51,94.78,8.45,17.61
Blackhawk Lake,2015,132,3.4,0.61,87.35,8.39,14.82
Blackhawk Lake,2015,133,0.13,0.31,92.93,8.44,14.84
Blackhawk Lake,2015,134,2.17,0.36,98.84,8.46,15.63
Blackhawk Lake,2015,135,1.69,0.34,89.27,8.38,15.33
Blackhawk Lake,2015,136,0.63,0.28,93.06,8.41,16.32
Blackhawk Lake,2015,137,0.56,0.29,100.76,8.4,18.05
Blackhawk Lake,2015,138,4.82,0.55,94.06,8.4,17.89
Blackhawk Lake,2015,139,2.99,0.43,98.65,8.54,15.23
Blackhawk Lake,2015,140,0.73,0.33,101.91,8.59,14.52
Blackhawk Lake,2015,141,0.48,0.38,100.34,8.62,13.5
Blackhawk Lake,2015,142,2.1,0.45,120.07,8.68,14.77
Blackhawk Lake,2015,143,0.7,0.36,117.83,8.67,15.61
Blackhawk Lake,2015,144,1.37,0.41,119.48,8.64,16.27
Blackhawk Lake,2015,145,0.66,0.39,107.59,8.58,16.47
Blackhawk Lake,2015,146,0.54,0.36,104.82,8.52,18.09
Blackhawk Lake,2015,147,0.51,0.35,99.69,8.48,18.25
Blackhawk Lake,2015,148,0.35,0.29,112.1,8.53,19.65
Blackhawk Lake,2015,149,0.2,0.26,113.7,8.6,20.05
Blackhawk Lake,2015,150,0.21,0.28,104.03,8.61,19.82
Blackhawk Lake,2015,151,0.28,0.29,103.29,8.71,19.16
Blackhawk Lake,2015,152,0.45,0.31,107.25,8.68,19.26
Blackhawk Lake,2015,153,0.48,0.29,116.2,8.76,19.89
Blackhawk Lake,2015,154,0.41,0.28,123.07,8.85,20.02
Blackhawk Lake,2015,155,0.76,0.26,124.75,8.88,20.96
Blackhawk Lake,2015,156,0.8,0.22,136.56,8.86,21.59
Blackhawk Lake,2015,157,0.17,0.19,150.28,8.86,22.71
Blackhawk Lake,2015,158,1.83,0.2,142.78,8.94,22.71
Blackhawk Lake,2015,159,0.28,0.2,133.22,8.96,23.16
Blackhawk Lake,2015,160,0.25,0.17,143.49,9.06,23.55
Blackhawk Lake,2015,161,0.31,0.16,146.19,9.15,24.42
Blackhawk Lake,2015,162,0.28,0.18,145.95,8.97,24.66
Blackhawk Lake,2015,163,0.23,0.25,109.99,8.97,22.78
Blackhawk Lake,2015,164,0.16,0.32,92.12,9.0,21.57
Blackhawk Lake,2015,165,0.48,0.28,95.64,8.83,22.38
Blackhawk Lake,2015,166,0.61,0.34,97.48,8.6,23.51
Blackhawk Lake,2015,167,0.56,0.45,99.05,8.73,22.96
Blackhawk Lake,2015,168,2.3,0.61,108.31,8.53,23.5
Blackhawk Lake,2015,169,3.17,0.81,116.59,8.53,24.36
Blackhawk Lake,2015,170,3.37,0.94,115.21,8.61,23.73
Blackhawk Lake,2015,171,2.52,0.7,112.52,8.48,24.14
Blackhawk Lake,2015,172,5.03,1.11,118.17,8.61,24.63
Blackhawk Lake,2015,173,3.37,1.19,115.65,8.56,25.37
Blackhawk Lake,2015,174,3.75,1.14,115.13,8.65,25.59
Blackhawk Lake,2015,175,3.84,1.04,123.17,8.62,25.15
Blackhawk Lake,2015,176,3.84,1.0,106.89,8.62,24.28
Blackhawk Lake,2015,177,3.65,0.97,115.98,8.68,24.41
Blackhawk Lake,2015,178,2.95,0.7,117.54,8.56,24.6
Blackhawk Lake,2015,179,2.93,0.6,132.02,8.52,25.31
Blackhawk Lake,2015,180,4.41,0.81,124.13,8.47,25.41
Blackhawk Lake,2015,181,15.58,1.5,125.4,8.43,25.23
Blackhawk Lake,2015,182,29.82,2.21,140.02,8.54,24.83
Blackhawk Lake,2015,183,27.4,1.91,122.14,8.47,23.93
Blackhawk Lake,2015,184,50.25,3.01,117.59,8.42,22.8
Blackhawk Lake,2015,185,68.56,3.96,145.4,8.57,23.49
Blackhawk Lake,2015,186,62.51,3.69,143.99,8.62,23.92
Blackhawk Lake,2015,187,58.29,3.52,128.76,8.56,24.68
Blackhawk Lake,2015,188,61.2,3.64,120.92,8.58,24.02
Blackhawk Lake,2015,189,67.26,4.1,138.72,8.63,23.54
Blackhawk Lake,2015,190,60.58,3.79,152.84,8.52,23.42
Blackhawk Lake,2015,191,43.49,2.11,131.52,8.32,23.57
Blackhawk Lake,2015,192,33.55,1.71,118.25,8.1,23.9
Blackhawk Lake,2015,193,29.25,1.49,111.43,7.96,24.63
Blackhawk Lake,2015,194,31.7,1.63,109.03,8.07,26.54
Blackhawk Lake,2015,195,41.22,1.91,157.3,8.42,28.49
Blackhawk Lake,2015,196,47.19,2.26,138.5,8.33,27.68
Blackhawk Lake,2015,197,36.28,1.62,53.4,7.68,25.96
Blackhawk Lake,2015,198,36.87,1.71,92.88,8.02,25.86
Blackhawk Lake,2015,199,32.57,1.44,65.35,7.72,26.23
Blackhawk Lake,2015,200,55.45,2.55,112.79,8.09,27.31
Blackhawk Lake,2015,201,71.09,3.3,119.33,8.22,27.37
Blackhawk Lake,2015,202,67.56,3.34,131.72,8.36,27.28
Blackhawk Lake,2015,203,45.74,2.32,104.25,8.12,26.68
Blackhawk Lake,2015,204,44.97,2.19,94.93,8.04,26.34
Blackhawk Lake,2015,205,41.83,1.98,79.73,7.88,26.38
Blackhawk Lake,2015,206,70.19,3.46,99.02,8.12,26.95
Blackhawk Lake,2015,207,71.53,3.64,118.58,8.31,27.73
Blackhawk Lake,2015,208,63.46,3.59,117.17,8.37,27.88
Blackhawk Lake,2015,209,45.39,3.31,91.61,8.27,27.23
Blackhawk Lake,2015,210,35.45,2.66,81.12,8.1,26.17
Blackhawk Lake,2015,211,36.86,2.87,108.34,8.35,25.99
Blackhawk Lake,2015,212,50.11,4.21,145.85,8.58,26.37
Blackhawk Lake,2015,213,48.76,4.05,161.34,8.57,26.53
Blackhawk Lake,2015,214,40.61,4.2,158.43,8.61,26.88
Blackhawk Lake,2015,215,35.72,4.33,139.97,8.56,27.26
Blackhawk Lake,2015,216,31.2,4.17,157.68,8.63,27.4
Blackhawk Lake,2015,217,24.79,3.46,132.94,8.49,26.68
Blackhawk Lake,2015,218,29.03,3.68,107.02,8.28,26.05
Blackhawk Lake,2015,219,30.38,3.5,110.45,8.36,25.95
Blackhawk Lake,2015,220,46.5,4.98,169.54,8.68,26.85
Blackhawk Lake,2015,221,41.49,4.37,129.14,8.5,26.61
Blackhawk Lake,2015,222,43.34,4.45,126.76,8.52,26.83
Blackhawk Lake,2015,223,61.29,5.37,144.12,8.66,26.7
Blackhawk Lake,2015,224,60.11,4.31,168.77,8.79,27.26
Blackhawk Lake,2015,225,59.89,4.7,128.72,8.65,26.23
Blackhawk Lake,2015,226,49.8,4.07,94.46,8.56,26.19
Blackhawk Lake,2015,227,43.25,3.9,98.43,8.71,26.63
Blackhawk Lake,2015,228,43.11,4.2,80.33,8.53,26.76
Blackhawk Lake,2015,229,47.58,4.32,66.1,8.26,26.56
Blackhawk Lake,2015,230,42.41,3.54,43.16,7.97,25.4
Blackhawk Lake,2015,231,38.23,3.58,54.84,8.09,22.92
Blackhawk Lake,2015,232,47.22,5.0,69.39,8.31,20.56
Blackhawk Lake,2015,233,61.07,5.77,96.52,8.59,20.36
Blackhawk Lake,2015,234,72.47,6.05,100.06,8.58,21.18
Blackhawk Lake,2015,249,69.86,4.59,128.37,8.24,25.32
Blackhawk Lake,2015,250,54.23,4.74,95.87,8.13,25.55
Blackhawk Lake,2015,251,41.03,5.0,74.76,7.9,25.09
Blackhawk Lake,2015,252,45.92,6.81,104.0,8.1,25.04
Blackhawk Lake,2015,253,51.36,7.78,114.66,8.24,24.6
Blackhawk Lake,2015,254,77.44,10.14,178.23,8.54,24.53
Blackhawk Lake,2015,257,74.41,10.81,158.05,8.47,21.09
Blackhawk Lake,2015,258,73.88,11.04,149.02,8.52,21.2
Blackhawk Lake,2015,259,74.14,11.35,136.64,8.5,21.48
Blackhawk Lake,2015,260,78.29,12.36,136.8,8.45,22.27
Blackhawk Lake,2015,264,80.12,10.75,110.45,8.61,19.73
Blackhawk Lake,2015,265,80.0,8.38,108.09,8.59,20.18
Blackhawk Lake,2015,268,73.21,6.11,61.28,8.17,20.11
Blackhawk Lake,2015,269,71.65,6.11,79.19,8.29,20.61
Blackhawk Lake,2015,270,74.59,6.08,94.78,8.39,20.9
Blackhawk Lake,2015,271,73.97,5.86,93.13,8.37,21.1
Blackhawk Lake,2015,273,75.81,5.86,75.35,8.28,20.23
Blackhawk Lake,2015,274,79.18,5.88,67.71,8.21,18.96
Blackhawk Lake,2015,275,63.06,4.8,67.97,8.14,18.15
Blackhawk Lake,2015,276,57.67,4.36,64.55,8.06,17.02
Blackhawk Lake,2015,277,60.0,4.42,63.51,8.02,16.14
Blackhawk Lake,2015,278,61.31,4.59,68.49,8.06,16.08
Blackhawk Lake,2015,279,73.52,5.24,81.64,8.2,16.3
Blackhawk Lake,2015,280,73.65,5.3,93.24,8.3,16.83
Green Valley Lake,2014,161,22.49,5.06,93.73,8.53,22.08
Green Valley Lake,2014,162,27.37,5.26,92.41,8.5,21.83
Green Valley Lake,2014,163,26.55,6.03,111.59,8.74,22.22
Green Valley Lake,2014,164,28.2,5.55,93.77,8.54,21.94
Green Valley Lake,2014,165,16.16,2.11,54.99,7.96,21.13
Green Valley Lake,2014,166,20.23,3.93,80.92,8.24,21.93
Green Valley Lake,2014,167,17.0,3.03,64.87,8.06,22.07
Green Valley Lake,2014,168,14.53,2.62,65.42,8.0,22.5
Green Valley Lake,2014,169,14.76,2.55,66.01,7.99,23.1
Green Valley Lake,2014,170,17.01,2.76,67.14,7.99,23.67
Green Valley Lake,2014,171,20.36,4.63,92.42,8.37,24.28
Green Valley Lake,2014,172,26.04,7.31,131.99,8.78,25.17
Green Valley Lake,2014,173,42.17,8.89,146.14,8.84,25.7
Green Valley Lake,2014,174,51.22,10.55,172.83,9.08,26.3
Green Valley Lake,2014,175,40.11,10.83,176.43,9.12,26.78
Green Valley Lake,2014,176,29.68,9.29,109.02,8.61,25.91
Green Valley Lake,2014,177,16.83,5.24,58.07,8.12,25.16
Green Valley Lake,2014,178,14.71,5.43,57.83,8.06,25.2
Green Valley Lake,2014,179,10.41,3.87,36.93,7.77,24.68
Green Valley Lake,2014,180,10.47,4.88,45.83,7.81,24.67
Green Valley Lake,2014,181,10.63,5.52,53.43,7.87,24.82
Green Valley Lake,2014,182,10.26,5.41,64.08,7.97,24.76
Green Valley Lake,2014,183,10.42,4.69,56.63,7.83,23.82
Green Valley Lake,2014,184,12.38,4.7,60.97,7.89,23.68
Green Valley Lake,2014,185,9.58,2.15,32.51,7.64,23.01
Green Valley Lake,2014,186,11.22,1.96,40.08,7.68,22.87
Green Valley Lake,2014,187,13.19,2.01,48.4,7.76,23.4
Green Valley Lake,2014,188,21.86,4.11,127.64,8.47,26.22
Green Valley Lake,2014,189,25.14,6.52,132.34,8.62,25.6
Green Valley Lake,2014,190,31.2,7.53,179.04,8.74,26.48
Green Valley Lake,2014,191,26.1,2.14,64.56,7.68,24.49
Green Valley Lake,2014,192,29.22,2.48,72.15,7.77,23.98
Green Valley Lake,2014,193,34.87,4.13,117.91,8.4,24.88
Green Valley Lake,2014,195,28.7,11.71,197.74,9.02,26.61
Green Valley Lake,2014,196,32.6,12.2,146.99,8.94,25.05
Green Valley Lake,2014,197,31.58,13.84,198.02,9.16,25.63
Green Valley Lake,2014,198,26.19,8.1,125.14,8.74,24.36
Green Valley Lake,2014,199,23.05,7.34,110.78,8.59,23.95
Green Valley Lake,2014,200,18.68,6.2,100.28,8.61,23.97
Green Valley Lake,2014,201,15.22,4.49,71.45,8.27,23.98
Green Valley Lake,2014,202,11.66,5.04,68.38,8.21,24.3
Green Valley Lake,2014,203,9.61,10.99,145.18,8.92,27.12
Green Valley Lake,2014,204,9.12,16.11,190.74,9.48,28.25
Green Valley Lake,2014,205,4.41,7.93,89.33,8.76,25.91
Green Valley Lake,2014,206,1.89,2.99,38.04,8.1,24.57
Green Valley Lake,2014,207,3.89,13.41,87.31,8.88,25.47
Green Valley Lake,2014,208,4.43,17.41,97.34,9.02,25.66
Green Valley Lake,2014,209,6.3,18.89,119.38,9.1,25.98
Green Valley Lake,2014,211,10.59,24.92,145.92,9.28,26.13
Green Valley Lake,2014,212,10.79,20.19,194.95,9.5,27.04
Green Valley Lake,2014,213,8.33,16.64,209.03,9.64,27.48
Green Valley Lake,2014,214,6.78,12.55,129.31,9.23,25.88
Green Valley Lake,2014,215,2.45,6.21,66.68,8.78,25.88
Green Valley Lake,2014,216,2.98,10.54,92.0,9.02,26.31
Green Valley Lake,2014,217,6.22,24.45,176.25,9.57,26.78
Green Valley Lake,2014,218,2.21,9.44,63.71,8.94,25.03
Green Valley Lake,2014,219,2.14,6.96,33.2,8.46,24.22
Green Valley Lake,2014,220,3.5,8.72,40.99,8.38,24.1
Green Valley Lake,2014,221,3.31,8.18,36.68,8.34,24.05
Green Valley Lake,2014,222,4.2,8.66,47.49,8.47,24.14
Green Valley Lake,2014,223,5.81,12.1,66.72,8.63,24.27
Green Valley Lake,2014,224,8.05,12.68,67.1,8.54,24.06
Green Valley Lake,2014,225,10.53,12.63,80.45,8.6,24.77
Green Valley Lake,2014,226,4.78,6.3,34.75,8.06,23.92
Green Valley Lake,2014,227,4.84,3.92,10.99,7.71,23.27
Green Valley Lake,2014,228,6.93,5.1,28.61,7.78,23.2
Green Valley Lake,2014,229,9.3,11.26,39.59,7.98,23.28
Green Valley Lake,2014,230,9.17,7.41,37.68,8.0,23.66
Green Valley Lake,2014,231,14.74,20.71,152.59,9.3,26.2
Green Valley Lake,2014,232,7.92,7.53,53.94,8.37,24.51
Green Valley Lake,2014,233,2.12,3.85,24.66,7.89,24.13
Green Valley Lake,2014,234,4.93,9.88,59.03,8.56,25.3
Green Valley Lake,2014,235,3.78,7.21,46.0,8.27,25.23
Green Valley Lake,2014,236,2.78,3.76,28.12,7.97,25.29
Green Valley Lake,2014,237,6.41,8.63,74.72,8.46,26.94
Green Valley Lake,2014,238,9.41,12.87,101.72,8.8,27.2
Green Valley Lake,2014,239,6.4,8.55,70.72,8.55,26.06
Green Valley Lake,2014,240,3.88,3.74,38.47,7.95,25.19
Green Valley Lake,2014,241,2.7,1.3,27.85,7.72,24.67
Green Valley Lake,2014,242,4.17,1.84,37.17,7.77,25.19
Green Valley Lake,2014,243,2.72,0.32,9.77,7.52,24.35
Green Valley Lake,2014,244,5.39,0.67,27.75,7.59,24.36
Green Valley Lake,2014,245,12.54,1.81,60.7,7.91,25.28
Green Valley Lake,2014,246,12.99,1.21,28.25,7.55,24.27
Green Valley Lake,2014,247,13.0,1.34,31.55,7.51,24.28
Green Valley Lake,2014,248,17.05,2.68,71.12,7.81,24.65
Green Valley Lake,2014,249,11.46,3.17,69.17,7.83,24.1
Green Valley Lake,2014,250,7.55,1.98,43.5,7.62,23.32
Green Valley Lake,2014,251,6.39,1.38,27.96,7.51,22.64
Green Valley Lake,2014,252,7.34,1.49,36.29,7.54,22.53
Green Valley Lake,2014,253,7.65,1.98,52.7,7.62,22.17
Green Valley Lake,2014,254,8.28,2.63,61.05,7.68,20.98
Green Valley Lake,2014,255,7.84,2.55,59.32,7.65,19.76
Green Valley Lake,2014,256,7.88,2.06,50.37,7.59,18.42
Green Valley Lake,2014,257,7.09,1.73,52.76,7.61,17.64
Green Valley Lake,2014,258,8.73,2.37,66.72,7.72,18.04
Green Valley Lake,2014,259,21.2,3.6,89.54,8.28,19.17
Green Valley Lake,2014,260,25.35,4.34,88.44,8.59,19.97
Green Valley Lake,2014,261,18.89,6.05,100.34,8.85,20.04
Green Valley Lake,2014,262,16.22,5.81,88.07,8.68,18.51
Green Valley Lake,2014,263,17.79,5.84,88.02,8.61,16.7
Green Valley Lake,2014,264,19.39,6.58,95.04,8.68,16.36
Green Valley Lake,2014,265,18.67,6.27,93.28,8.63,16.0
Green Valley Lake,2014,266,17.34,6.12,91.11,8.57,15.83
Green Valley Lake,2014,267,17.33,7.39,91.53,8.58,15.6
Green Valley Lake,2014,268,13.44,5.83,86.19,8.45,15.46
Green Valley Lake,2014,269,12.91,5.77,87.48,8.47,15.07
Green Valley Lake,2014,270,13.61,5.81,80.24,8.35,14.52
Green Valley Lake,2014,271,12.61,4.18,70.59,8.15,14.09
Green Valley Lake,2014,272,10.38,3.73,71.63,8.1,13.9
Green Valley Lake,2014,273,9.71,3.98,80.96,8.14,13.49
Green Valley Lake,2015,131,18.32,1.5,77.9,8.31,17.34
Green Valley Lake,2015,132,19.14,1.64,87.37,8.41,17.12
Green Valley Lake,2015,133,14.71,0.94,75.44,8.2,16.73
Green Valley Lake,2015,134,15.92,0.98,75.72,8.15,16.58
Green Valley Lake,2015,135,15.54,0.83,72.3,8.1,16.56
Green Valley Lake,2015,136,9.64,0.37,63.27,7.95,16.81
Green Valley Lake,2015,137,13.5,0.66,76.65,8.06,17.78
Green Valley Lake,2015,138,17.23,1.07,86.56,8.17,18.13
Green Valley Lake,2015,139,21.94,1.59,93.63,8.28,17.65
Green Valley Lake,2015,140,23.4,1.62,85.58,8.18,17.05
Green Valley Lake,2015,141,22.11,1.58,90.12,8.26,17.07
Green Valley Lake,2015,142,23.85,1.53,89.98,8.24,17.14
Green Valley Lake,2015,143,14.66,0.69,66.47,7.88,16.47
Green Valley Lake,2015,144,13.19,0.56,64.34,7.85,16.57
Green Valley Lake,2015,145,14.39,0.66,70.69,7.93,17.14
Green Valley Lake,2015,146,19.39,1.06,89.57,8.22,18.35
Green Valley Lake,2015,147,24.13,1.32,109.31,8.43,19.82
Green Valley Lake,2015,148,19.41,0.74,72.98,7.93,18.47
Green Valley Lake,2015,149,20.88,0.76,75.38,7.96,18.71
Green Valley Lake,2015,150,22.63,1.02,88.87,8.24,19.01
Green Valley Lake,2015,151,25.76,1.29,97.36,8.38,19.13
Green Valley Lake,2015,152,26.01,1.1,91.1,8.29,18.84
Green Valley Lake,2015,153,18.6,0.64,65.93,7.89,18.34
Green Valley Lake,2015,154,22.71,0.91,85.06,8.17,19.07
Green Valley Lake,2015,155,29.17,1.52,100.79,8.45,19.77
Green Valley Lake,2015,156,17.88,1.2,129.55,8.84,20.89
Green Valley Lake,2015,157,16.4,0.85,81.19,8.15,19.75
Green Valley Lake,2015,158,17.16,1.13,97.52,8.49,21.53
Green Valley Lake,2015,159,19.96,1.62,127.15,8.96,23.44
Green Valley Lake,2015,160,18.48,1.48,119.37,8.9,23.41
Green Valley Lake,2015,161,15.12,1.59,131.8,8.92,24.74
Green Valley Lake,2015,162,13.04,1.64,112.4,8.81,24.07
Green Valley Lake,2015,163,13.2,2.1,96.47,8.71,23.36
Green Valley Lake,2015,164,10.7,1.38,81.78,8.51,22.84
Green Valley Lake,2015,165,8.19,0.94,78.17,8.4,23.03
Green Valley Lake,2015,166,8.83,1.6,87.36,8.52,23.21
Green Valley Lake,2015,167,6.8,1.93,79.95,8.36,22.64
Green Valley Lake,2015,168,6.74,2.49,91.11,8.46,23.19
Green Valley Lake,2015,169,8.84,5.57,131.58,8.9,24.3
Green Valley Lake,2015,170,8.39,4.59,123.77,8.88,23.8
Green Valley Lake,2015,171,6.23,2.94,88.67,8.37,23.64
Green Valley Lake,2015,172,9.84,5.05,119.34,8.88,24.86
Green Valley Lake,2015,173,7.83,4.43,112.13,8.8,24.79
Green Valley Lake,2015,174,10.63,8.92,135.09,9.12,25.21
Green Valley Lake,2015,175,6.36,3.21,91.34,8.78,23.99
Green Valley Lake,2015,176,8.6,7.61,113.72,8.92,24.11
Green Valley Lake,2015,177,11.58,14.27,149.82,9.17,24.69
Green Valley Lake,2015,178,13.26,17.74,201.1,9.39,25.88
Green Valley Lake,2015,179,8.71,8.38,130.19,9.08,24.91
Green Valley Lake,2015,180,10.81,13.79,157.07,9.29,25.55
Green Valley Lake,2015,181,11.87,14.31,170.96,9.36,25.71
Green Valley Lake,2015,182,8.2,9.82,125.37,9.13,25.07
Green Valley Lake,2015,183,7.18,9.1,114.68,9.1,24.41
Green Valley Lake,2015,184,7.39,9.62,129.56,9.18,24.56
Green Valley Lake,2015,185,6.82,6.38,122.57,9.15,24.18
Green Valley Lake,2015,186,5.1,2.95,90.01,8.91,23.75
Green Valley Lake,2015,187,6.63,8.19,111.16,9.11,24.36
Green Valley Lake,2015,188,7.9,25.22,152.48,9.34,24.31
Green Valley Lake,2015,189,5.94,19.86,137.21,9.2,23.74
Green Valley Lake,2015,190,4.2,12.66,122.95,9.14,23.24
Green Valley Lake,2015,191,2.76,6.22,108.09,9.07,23.05
Green Valley Lake,2015,192,2.83,7.19,117.21,9.15,23.64
Green Valley Lake,2015,193,3.15,9.1,144.36,9.36,24.9
Green Valley Lake,2015,196,5.15,21.43,207.74,9.94,27.97
Green Valley Lake,2015,197,3.43,15.5,121.21,9.52,25.97
Green Valley Lake,2015,198,3.59,16.65,116.7,9.58,26.21
Green Valley Lake,2015,199,4.91,25.7,157.42,9.81,27.23
Green Valley Lake,2015,204,4.07,21.44,120.37,9.68,26.06
Green Valley Lake,2015,205,3.03,16.73,95.13,9.52,25.87
Green Valley Lake,2015,208,4.44,25.79,109.98,9.78,26.69
Green Valley Lake,2015,209,3.23,19.82,84.42,9.66,26.18
Green Valley Lake,2015,214,1.63,9.31,82.9,9.61,26.41
Green Valley Lake,2015,216,2.45,14.6,85.91,9.67,26.02
Green Valley Lake,2015,217,1.71,10.04,64.65,9.52,25.41
Green Valley Lake,2015,218,1.9,11.7,70.81,9.35,25.21
Green Valley Lake,2015,225,3.26,21.81,139.87,9.89,26.7
Green Valley Lake,2015,226,3.04,22.29,156.11,10.01,26.87
Green Valley Lake,2015,227,3.89,26.55,144.12,9.97,26.69
Green Valley Lake,2015,228,2.51,17.5,88.06,9.76,26.06
Green Valley Lake,2015,229,3.61,24.47,129.68,10.01,26.19
Green Valley Lake,2015,230,2.92,19.89,86.32,9.78,25.19
Green Valley Lake,2015,231,3.2,21.66,69.01,9.65,23.58
Green Valley Lake,2015,232,3.54,24.3,73.38,9.63,22.71
Green Valley Lake,2015,233,2.93,19.43,67.04,9.44,21.71
Green Valley Lake,2015,234,2.67,18.11,78.35,9.53,21.98
Green Valley Lake,2015,239,2.4,17.7,86.05,9.6,21.52
Green Valley Lake,2015,240,1.86,13.59,76.86,9.52,21.36
Green Valley Lake,2015,241,2.95,20.93,98.23,9.66,21.87
Green Valley Lake,2015,242,2.41,16.84,93.12,9.59,21.89
Green Valley Lake,2015,243,1.44,11.89,80.45,9.53,22.01
Green Valley Lake,2015,244,1.12,9.09,74.74,9.52,22.44
Green Valley Lake,2015,245,0.98,7.37,61.43,9.39,22.62
Green Valley Lake,2015,246,1.06,7.54,75.88,9.44,23.59
Green Valley Lake,2015,247,1.29,9.05,87.24,9.47,24.22
Green Valley Lake,2015,248,1.16,7.84,86.16,9.43,24.62
Green Valley Lake,2015,249,0.88,5.63,74.49,9.38,24.69
Green Valley Lake,2015,250,1.7,9.85,107.51,9.51,26.05
Green Valley Lake,2015,251,2.09,9.15,110.61,9.53,26.07
Green Valley Lake,2015,252,2.28,10.56,104.38,9.51,25.56
Green Valley Lake,2015,253,2.63,12.12,131.33,9.58,25.82
Green Valley Lake,2015,254,3.81,17.14,132.79,9.72,25.04
Green Valley Lake,2015,255,5.08,21.68,140.91,9.75,24.06
Green Valley Lake,2015,256,1.35,6.03,69.71,9.32,22.62
Green Valley Lake,2015,257,1.16,5.99,67.56,9.26,22.05
Green Valley Lake,2015,258,1.5,7.56,79.96,9.3,21.83
Green Valley Lake,2015,259,1.79,8.95,84.32,9.33,21.82
Green Valley Lake,2015,260,1.81,9.29,85.95,9.37,22.21
Green Valley Lake,2015,261,3.48,19.68,92.89,9.43,22.24
Green Valley Lake,2015,262,3.75,21.49,99.02,9.45,21.46
Green Valley Lake,2015,263,1.54,7.79,67.55,9.29,20.47
Green Valley Lake,2015,264,1.7,8.28,69.09,9.28,20.26
Green Valley Lake,2015,265,1.54,7.46,70.03,9.25,20.55
Green Valley Lake,2015,266,2.54,11.74,83.49,9.3,20.94
Green Valley Lake,2015,267,1.39,6.16,68.59,9.2,20.71
Green Valley Lake,2015,268,1.41,4.91,60.95,9.09,20.82
Green Valley Lake,2015,269,2.17,7.76,75.94,9.14,20.82
Green Valley Lake,2015,270,1.68,4.75,62.27,9.0,20.7
Green Valley Lake,2015,271,1.65,3.89,65.71,8.95,20.97
Green Valley Lake,2015,272,3.21,8.81,89.96,9.09,21.3
Green Valley Lake,2015,273,3.49,8.36,86.39,9.05,20.61
Green Valley Lake,2015,274,3.21,7.44,78.1,8.98,19.89
Green Valley Lake,2015,275,3.48,7.31,75.65,8.93,19.06
Green Valley Lake,2015,276,3.87,7.05,76.85,8.91,18.41
Green Valley Lake,2015,277,4.37,6.86,72.78,8.85,17.45
Green Valley Lake,2015,278,5.63,6.68,72.19,8.82,17.09
Green Valley Lake,2015,279,5.29,3.09,74.02,8.83,16.78
Green Valley Lake,2015,280,7.88,9.36,99.9,9.08,17.16
Green Valley Lake,2015,281,5.9,3.17,71.85,8.78,16.68
South Twin Lake,2018,152,9.65,0.21,78.01,8.11,27.34
South Twin Lake,2018,153,12.9,0.43,63.39,7.98,25.42
South Twin Lake,2018,154,17.52,0.89,83.1,8.12,24.23
South Twin Lake,2018,155,22.57,1.31,116.19,8.38,23.74
South Twin Lake,2018,156,27.3,2.91,192.08,8.81,24.58
South Twin Lake,2018,157,26.65,4.8,201.88,8.91,25.18
South Twin Lake,2018,158,25.11,5.48,151.32,8.76,24.76
South Twin Lake,2018,159,21.62,6.05,153.1,8.67,24.93
South Twin Lake,2018,160,19.14,6.1,160.29,8.68,25.63
South Twin Lake,2018,161,19.71,6.86,145.15,8.71,25.64
South Twin Lake,2018,162,22.22,7.78,96.8,8.47,23.7
South Twin Lake,2018,163,21.53,8.81,111.16,8.54,24.01
South Twin Lake,2018,164,19.66,8.95,139.14,8.79,24.59
South Twin Lake,2018,165,19.42,6.98,87.32,8.39,23.3
South Twin Lake,2018,166,24.0,9.49,98.36,8.45,24.31
South Twin Lake,2018,167,26.8,10.66,102.52,8.58,25.78
South Twin Lake,2018,168,29.19,8.31,93.61,8.56,26.81
South Twin Lake,2018,169,29.76,8.46,89.73,8.56,27.39
South Twin Lake,2018,170,37.83,10.6,74.14,8.44,26.67
South Twin Lake,2018,171,45.33,12.29,62.74,8.24,25.49
South Twin Lake,2018,172,65.97,19.0,68.26,8.24,24.17
South Twin Lake,2018,173,83.09,20.59,69.27,8.21,23.14
South Twin Lake,2018,174,81.87,16.73,63.39,8.15,23.19
South Twin Lake,2018,175,31.35,7.59,82.09,8.27,23.63
South Twin Lake,2018,176,32.89,8.33,71.2,8.18,23.28
South Twin Lake,2018,177,34.33,13.46,73.16,8.28,23.07
South Twin Lake,2018,178,36.36,14.81,83.42,8.43,23.88
South Twin Lake,2018,179,36.14,11.35,84.5,8.38,24.1
South Twin Lake,2018,180,38.03,11.85,86.82,8.36,25.07
South Twin Lake,2018,181,36.49,10.18,112.77,8.64,26.71
South Twin Lake,2018,182,32.9,8.26,110.94,8.66,26.16
South Twin Lake,2018,183,33.52,8.43,127.84,8.77,26.13
South Twin Lake,2018,184,31.21,6.72,128.67,8.8,26.42
South Twin Lake,2018,185,23.11,5.52,135.53,8.84,27.63
South Twin Lake,2018,186,18.12,6.08,127.33,8.95,27.49
South Twin Lake,2018,187,16.54,6.63,148.43,9.06,27.03
South Twin Lake,2018,188,14.73,5.02,121.81,8.95,26.62
South Twin Lake,2018,189,12.47,5.04,118.07,8.95,26.49
South Twin Lake,2018,190,11.32,4.92,138.88,9.05,27.25
South Twin Lake,2018,191,10.15,6.1,154.08,9.08,28.18
South Twin Lake,2018,192,9.92,5.91,140.98,9.02,28.57
South Twin Lake,2018,193,9.61,5.44,146.48,9.06,29.33
South Twin Lake,2018,194,9.4,5.1,134.01,9.06,29.02
South Twin Lake,2018,195,10.81,6.14,111.5,8.97,27.88
South Twin Lake,2018,196,10.71,6.02,145.69,9.11,28.71
South Twin Lake,2018,197,10.14,5.44,156.4,9.17,28.61
South Twin Lake,2018,198,10.92,5.69,163.28,9.21,28.63
South Twin Lake,2018,199,9.53,4.32,139.08,9.09,28.3
South Twin Lake,2018,200,10.11,4.78,85.93,8.82,27.24
South Twin Lake,2018,201,11.37,6.13,82.28,8.77,25.76
South Twin Lake,2018,202,12.17,6.09,94.43,8.82,25.85
South Twin Lake,2018,203,11.78,6.42,112.02,8.92,26.22
South Twin Lake,2018,204,11.0,6.03,136.52,9.03,26.82
South Twin Lake,2018,205,10.52,5.32,139.25,9.07,27.08
South Twin Lake,2018,206,10.86,5.18,124.22,9.03,26.7
South Twin Lake,2018,207,11.45,5.76,103.77,8.99,25.72
South Twin Lake,2018,208,14.01,6.93,111.76,9.0,25.1
South Twin Lake,2018,209,16.46,7.53,102.12,9.0,24.56
South Twin Lake,2018,210,14.57,7.7,102.54,8.97,24.66
South Twin Lake,2018,211,14.08,6.89,126.14,9.08,25.0
South Twin Lake,2018,212,15.53,6.67,133.37,9.13,25.44
South Twin Lake,2018,213,14.57,6.47,122.24,9.08,25.66
South Twin Lake,2018,214,16.51,7.59,97.87,9.05,24.54
South Twin Lake,2018,215,14.79,7.13,102.37,9.01,24.88
South Twin Lake,2018,216,13.6,7.34,89.14,8.97,25.04
South Twin Lake,2018,217,14.2,8.53,84.6,8.9,24.62
South Twin Lake,2018,218,15.08,9.29,80.23,8.89,24.31
South Twin Lake,2018,219,14.51,8.25,116.24,9.04,25.44
South Twin Lake,2018,220,14.29,8.27,147.35,9.18,26.36
South Twin Lake,2018,221,11.81,7.03,158.53,9.24,27.26
South Twin Lake,2018,222,10.5,5.66,158.63,9.28,27.78
South Twin Lake,2018,223,9.92,5.28,120.02,9.22,27.23
South Twin Lake,2018,224,8.97,5.3,101.04,9.14,27.04
South Twin Lake,2018,225,9.08,5.26,95.96,9.12,27.23
South Twin Lake,2018,226,9.84,5.09,82.73,9.1,27.22
South Twin Lake,2018,227,9.64,5.91,67.6,8.96,26.46
South Twin Lake,2018,228,9.41,6.66,86.95,8.96,26.3
South Twin Lake,2018,229,10.1,7.5,108.95,9.02,26.22
South Twin Lake,2018,230,10.88,7.53,96.91,9.05,26.16
South Twin Lake,2018,231,10.16,6.96,93.38,9.07,25.53
South Twin Lake,2018,232,9.35,6.88,68.88,8.85,23.67
South Twin Lake,2018,233,7.79,7.2,68.54,8.84,22.44
South Twin Lake,2018,234,9.81,9.32,84.18,8.9,22.16
South Twin Lake,2018,235,9.98,7.78,82.9,8.87,21.86
South Twin Lake,2018,236,12.72,7.92,87.83,8.84,22.28
South Twin Lake,2018,237,11.94,10.3,125.93,9.06,22.83
South Twin Lake,2018,238,12.49,8.24,100.72,8.97,22.96
South Twin Lake,2018,239,12.26,7.34,87.35,8.88,23.92
South Twin Lake,2018,240,12.68,7.48,82.73,8.9,24.45
South Twin Lake,2018,241,12.92,7.35,72.74,8.8,23.07
South Twin Lake,2018,242,11.64,6.23,64.5,8.71,22.34
South Twin Lake,2018,243,10.62,5.93,65.14,8.6,22.16
South Twin Lake,2018,244,11.81,7.06,78.04,8.65,22.6
South Twin Lake,2018,245,14.09,7.13,84.67,8.65,22.92
South Twin Lake,2018,246,12.27,6.95,86.97,8.69,23.17
South Twin Lake,2018,247,7.08,5.93,76.04,8.62,23.32
South Twin Lake,2018,248,7.94,7.01,85.29,8.74,23.51
South Twin Lake,2018,249,7.77,7.14,91.78,8.71,23.04
South Twin Lake,2018,250,6.57,6.48,77.63,8.57,22.19
Swan Lake,2018,138,4.48,0.2,104.18,8.37,22.48
Swan Lake,2018,139,5.07,0.9,99.78,8.38,21.76
Swan Lake,2018,140,6.77,1.7,86.35,8.3,20.09
Swan Lake,2018,141,7.09,1.15,76.78,8.22,19.51
Swan Lake,2018,142,6.56,0.96,76.92,8.22,19.93
Swan Lake,2018,143,6.87,0.28,72.19,8.13,21.1
Swan Lake,2018,144,7.91,0.25,82.19,8.17,22.8
Swan Lake,2018,145,8.11,0.48,111.79,8.34,24.88
Swan Lake,2018,146,6.98,0.85,162.65,8.64,27.14
Swan Lake,2018,149,6.07,1.63,167.68,8.54,27.43
Swan Lake,2018,150,6.05,0.39,74.89,8.09,26.28
Swan Lake,2018,151,5.99,0.26,57.13,7.98,26.52
Swan Lake,2018,152,8.11,0.32,69.02,8.05,27.08
Swan Lake,2018,153,12.9,0.43,63.39,7.98,25.42
Swan Lake,2018,154,17.52,0.89,83.1,8.12,24.23
Swan Lake,2018,155,22.57,1.31,116.19,8.38,23.74
Swan Lake,2018,156,27.3,2.91,192.08,8.81,24.58
Swan Lake,2018,157,26.65,4.8,201.88,8.91,25.18
Swan Lake,2018,158,24.41,4.4,164.51,8.86,24.77
Swan Lake,2018,161,13.11,5.28,199.46,9.12,26.09
Swan Lake,2018,162,12.04,5.64,102.37,8.7,24.0
Swan Lake,2018,163,11.67,7.77,116.26,8.75,24.21
Swan Lake,2018,164,11.42,9.57,152.12,9.08,24.44
Swan Lake,2018,165,8.11,4.25,77.05,8.53,23.48
Swan Lake,2018,166,13.61,8.77,86.31,8.49,24.38
Swan Lake,2018,167,18.81,11.55,91.6,8.61,25.66
Swan Lake,2018,168,21.74,6.43,80.16,8.56,26.79
Swan Lake,2018,169,26.35,6.55,88.37,8.63,27.67
Swan Lake,2018,170,29.48,8.62,70.23,8.48,26.76
Swan Lake,2018,171,27.59,6.84,39.9,8.07,25.6
Swan Lake,2018,172,31.2,8.25,50.47,8.07,24.66
Swan Lake,2018,173,27.11,5.3,55.1,7.97,23.7
Swan Lake,2018,174,21.63,2.5,45.93,7.84,23.33
Swan Lake,2018,175,22.23,2.2,55.76,7.92,23.63
Swan Lake,2018,176,27.24,1.73,47.72,7.77,23.2
Swan Lake,2018,177,29.72,3.58,71.67,8.04,23.17
Swan Lake,2018,178,39.27,5.15,95.72,8.4,23.81
Swan Lake,2018,179,40.95,2.53,68.09,8.13,23.78
Swan Lake,2018,180,31.75,2.1,73.86,8.11,24.55
Swan Lake,2018,181,30.45,5.08,139.06,8.67,26.46
Swan Lake,2018,182,28.64,5.54,130.61,8.74,26.23
Swan Lake,2018,183,29.99,6.29,151.84,8.9,26.12
Swan Lake,2018,184,30.65,6.16,152.1,8.93,26.15
Swan Lake,2018,185,21.28,6.03,170.59,9.04,27.58
Swan Lake,2018,186,13.99,6.81,159.78,9.3,27.5
Swan Lake,2018,187,10.27,8.47,186.87,9.45,26.83
Swan Lake,2018,188,7.54,5.37,145.53,9.27,26.65
Swan Lake,2018,189,6.89,5.63,134.41,9.24,26.51
Swan Lake,2018,190,6.4,5.72,171.28,9.4,27.5
Swan Lake,2018,191,7.49,8.11,199.32,9.49,28.37
Swan Lake,2018,192,5.95,6.59,183.48,9.45,28.81
Swan Lake,2018,193,4.94,5.01,190.72,9.52,29.6
Swan Lake,2018,194,3.98,3.87,178.92,9.63,29.37
Swan Lake,2018,195,4.15,4.71,130.72,9.5,28.22
Swan Lake,2018,196,4.04,4.91,175.38,9.62,29.14
Swan Lake,2018,197,3.7,4.5,183.82,9.69,28.8
Swan Lake,2018,198,3.7,4.03,190.98,9.74,28.48
Swan Lake,2018,199,2.96,2.71,156.51,9.59,28.31
Swan Lake,2018,200,3.0,2.54,76.11,9.19,27.46
Swan Lake,2018,201,3.63,3.74,68.67,9.1,26.65
Swan Lake,2018,202,4.75,4.96,80.46,9.09,26.72
Swan Lake,2018,203,5.91,6.07,98.57,9.15,26.77
Swan Lake,2018,204,5.89,5.84,148.7,9.34,27.3
Swan Lake,2018,205,5.63,5.04,155.19,9.4,27.61
Swan Lake,2018,206,5.53,4.93,142.99,9.4,26.91
Swan Lake,2018,207,5.74,5.62,107.26,9.27,25.94
Swan Lake,2018,208,7.77,6.95,118.48,9.26,25.75
Swan Lake,2018,209,8.36,7.07,117.08,9.29,25.14
Swan Lake,2018,210,8.12,7.43,98.63,9.19,24.49
Swan Lake,2018,211,7.7,6.5,129.4,9.35,24.66
Swan Lake,2018,212,7.04,5.59,146.23,9.42,25.13
Swan Lake,2018,213,6.77,5.42,139.01,9.4,25.71
Swan Lake,2018,214,7.89,6.6,104.51,9.31,24.72
Swan Lake,2018,215,7.71,6.24,109.42,9.28,25.19
Swan Lake,2018,216,7.88,6.54,89.76,9.19,25.08
Swan Lake,2018,217,8.73,7.82,89.19,9.15,24.95
Swan Lake,2018,218,9.69,9.28,66.77,9.02,24.48
Swan Lake,2018,219,9.84,8.91,119.28,9.22,25.61
Swan Lake,2018,220,10.72,9.35,185.6,9.48,26.78
Swan Lake,2018,221,9.5,7.72,199.75,9.6,27.55
Swan Lake,2018,222,7.79,5.42,207.28,9.69,28.14
Swan Lake,2018,223,6.62,4.48,178.4,9.64,27.3
Swan Lake,2018,224,6.25,4.12,144.55,9.53,27.2
Swan Lake,2018,225,6.29,4.41,130.8,9.47,27.31
Swan Lake,2018,226,6.1,4.2,130.1,9.47,27.41
Swan Lake,2018,227,6.61,4.89,81.0,9.26,26.33
Swan Lake,2018,228,7.5,6.81,98.62,9.25,26.45
Swan Lake,2018,229,8.4,7.7,131.82,9.33,26.72
Swan Lake,2018,230,9.59,8.71,132.64,9.37,26.13
Swan Lake,2018,231,9.1,7.54,120.56,9.34,25.54
Swan Lake,2018,232,7.28,6.59,66.05,8.93,23.67
Swan Lake,2018,233,7.79,7.2,68.54,8.84,22.44
Swan Lake,2018,234,9.81,9.32,84.18,8.9,22.16
Swan Lake,2018,235,9.98,7.78,82.9,8.87,21.86
Swan Lake,2018,236,12.72,7.92,87.83,8.84,22.28
Swan Lake,2018,237,11.94,10.3,125.93,9.06,22.83
Swan Lake,2018,238,12.49,8.24,100.72,8.97,22.96
Swan Lake,2018,239,12.26,7.34,87.35,8.88,23.92
Swan Lake,2018,240,12.68,7.48,82.73,8.9,24.45
Swan Lake,2018,241,12.92,7.35,72.74,8.8,23.07
Swan Lake,2018,242,11.64,6.23,64.5,8.71,22.34
Swan Lake,2018,243,10.62,5.93,65.14,8.6,22.16
Swan Lake,2018,244,11.81,7.06,78.04,8.65,22.6
Swan Lake,2018,245,14.09,7.13,84.67,8.65,22.92
Swan Lake,2018,246,12.27,6.95,86.97,8.69,23.17
Swan Lake,2018,247,7.08,5.93,76.04,8.62,23.32
Swan Lake,2018,248,7.94,7.01,85.29,8.74,23.51
Swan Lake,2018,249,7.77,7.14,91.78,8.71,23.04
Swan Lake,2018,250,6.79,6.2,81.5,8.61,22.15
Swan Lake,2018,251,6.69,5.14,79.5,8.56,21.56
Swan Lake,2018,252,7.07,5.06,85.35,8.55,21.2
Swan Lake,2018,253,7.92,5.38,103.91,8.7,21.26
Swan Lake,2018,254,9.5,6.07,121.94,8.88,21.64
Swan Lake,2018,255,12.25,6.74,116.43,8.87,22.02
Swan Lake,2018,256,11.27,7.06,114.89,8.88,22.3
Swan Lake,2018,257,12.43,7.86,121.53,8.95,23.16
Swan Lake,2018,258,11.74,8.89,149.93,9.13,24.2
Swan Lake,2018,259,8.77,8.6,168.95,9.26,24.72
Swan Lake,2018,260,6.11,7.04,186.08,9.37,25.43
Swan Lake,2018,261,6.03,6.55,120.56,9.08,24.33
Swan Lake,2018,262,5.33,6.4,69.89,8.69,23.35
Swan Lake,2018,263,5.25,7.26,77.48,8.69,23.76
Swan Lake,2018,264,4.75,6.17,70.28,8.49,22.93
Lake Mendota,2023,125,2.1,0.05,103.7,8.51,9.15
Lake Mendota,2023,126,2.4,0.06,97.9,8.47,8.83
Lake Mendota,2023,127,1.9,0.02,104.9,8.49,10.18
Lake Mendota,2023,128,3.03,0.11,113.9,8.56,11.3
Lake Mendota,2023,129,2.69,0.28,113.8,8.54,12.43
Lake Mendota,2023,130,1.67,0.1,113.0,8.53,12.17
Lake Mendota,2023,131,3.61,0.29,122.4,8.59,11.62
Lake Mendota,2023,132,2.17,0.15,127.9,8.6,14.99
Lake Mendota,2023,133,2.38,0.09,123.5,8.58,14.42
Lake Mendota,2023,134,1.93,0.08,114.7,8.57,13.8
Lake Mendota,2023,137,0.64,0.06,115.2,8.39,15.36
Lake Mendota,2023,140,0.25,0.07,120.8,8.46,15.21
Lake Mendota,2023,141,0.57,0.64,126.2,8.43,16.81
Lake Mendota,2023,142,1.55,2.88,153.8,8.53,19.07
Lake Mendota,2023,143,1.92,5.94,162.7,8.59,19.08
Lake Mendota,2023,144,2.02,3.8,151.4,8.61,19.52
Lake Mendota,2023,145,0.67,0.43,119.1,8.55,16.64
Lake Mendota,2023,146,0.9,0.65,126.5,8.61,17.07
Lake Mendota,2023,147,0.6,0.66,129.6,8.59,17.83
Lake Mendota,2023,148,0.54,1.09,130.1,8.59,19.0
Lake Mendota,2023,149,0.4,0.63,130.1,8.58,19.54
Lake Mendota,2023,150,0.4,0.25,132.6,8.58,19.5
Lake Mendota,2023,151,0.48,0.08,136.5,8.6,19.82
Lake Mendota,2023,152,0.73,0.33,135.3,8.62,20.81
Lake Mendota,2023,153,1.2,0.5,140.1,8.61,23.24
Lake Mendota,2023,154,2.75,0.95,140.5,8.6,25.27
Lake Mendota,2023,155,1.65,0.37,143.6,8.63,24.15
Lake Mendota,2023,156,1.71,0.57,129.2,8.6,23.35
Lake Mendota,2023,157,0.29,0.02,128.5,8.59,24.53
Lake Mendota,2023,158,0.47,0.02,125.2,8.6,23.58
Lake Mendota,2023,159,0.66,0.1,128.6,8.62,22.25
Lake Mendota,2023,160,0.8,0.1,135.9,8.67,22.71
Lake Mendota,2023,161,0.79,0.07,134.7,8.66,23.26
Lake Mendota,2023,162,0.99,0.09,110.8,8.56,22.32
Lake Mendota,2023,163,0.93,0.12,105.0,8.61,20.7
Lake Mendota,2023,164,0.72,0.16,105.9,8.6,19.86
Lake Mendota,2023,165,0.41,0.17,111.8,8.58,20.03
Lake Mendota,2023,166,0.51,0.19,112.5,8.58,19.95
Lake Mendota,2023,167,0.49,0.11,111.8,8.58,20.52
Lake Mendota,2023,168,0.69,0.1,128.9,8.63,20.79
Lake Mendota,2023,169,0.64,0.26,112.4,8.55,19.57
Lake Mendota,2023,170,0.43,0.16,123.2,8.61,20.03
Lake Mendota,2023,171,0.44,0.06,139.6,8.67,21.58
Lake Mendota,2023,172,0.51,0.04,146.8,8.68,22.25
Lake Mendota,2023,173,0.41,0.02,141.3,8.63,23.84
Lake Mendota,2023,174,0.44,0.02,148.3,8.62,24.99
Lake Mendota,2023,175,0.75,0.04,157.5,8.63,24.23
Lake Mendota,2023,176,1.17,0.1,130.7,8.58,21.97
Lake Mendota,2023,177,1.64,0.15,115.4,8.58,22.13
Lake Mendota,2023,178,1.29,0.1,116.6,8.59,23.17
Lake Mendota,2023,179,1.7,0.14,113.3,8.57,21.88
Lake Mendota,2023,180,1.6,0.14,126.9,8.65,22.25
Lake Mendota,2023,181,1.03,0.07,138.2,8.68,24.08
Lake Mendota,2023,182,0.9,0.05,140.7,8.67,24.75
Lake Mendota,2023,183,0.75,0.04,145.8,8.69,25.29
Lake Mendota,2023,184,0.93,0.05,156.8,8.72,25.87
Lake Mendota,2023,185,1.5,0.11,158.4,8.74,25.91
Lake Mendota,2023,186,1.58,0.14,157.0,8.74,26.19
Lake Mendota,2023,187,1.75,0.21,148.7,8.77,25.79
Lake Mendota,2023,188,1.58,0.11,155.9,8.81,25.8
Lake Mendota,2023,189,1.05,0.06,147.4,8.79,25.86
Lake Mendota,2023,190,1.15,0.08,142.6,8.78,26.22
Lake Mendota,2023,191,1.27,0.09,145.5,8.8,25.91
Lake Mendota,2023,192,1.5,0.12,131.9,8.78,25.59
Lake Mendota,2023,193,1.72,0.18,88.8,8.5,23.25
Lake Mendota,2023,194,2.19,0.38,96.3,8.67,22.66
Lake Mendota,2023,200,0.89,0.28,121.4,8.79,24.44
Lake Mendota,2023,201,0.97,0.33,113.4,8.76,23.96
Lake Mendota,2023,202,1.09,0.24,118.6,8.79,24.89
Lake Mendota,2023,203,1.33,0.19,125.8,8.83,24.94
Lake Mendota,2023,204,1.5,0.18,123.1,8.81,25.54
Lake Mendota,2023,205,1.89,0.17,133.6,8.83,26.56
Lake Mendota,2023,206,1.69,0.13,137.5,8.85,26.03
Lake Mendota,2023,207,1.43,0.22,117.4,8.78,25.29
Lake Mendota,2023,208,0.79,0.16,123.8,8.72,26.3
Lake Mendota,2023,209,0.92,0.2,109.9,8.58,25.96
Lake Mendota,2023,210,0.85,0.17,110.5,8.6,26.24
Lake Mendota,2023,211,0.76,0.15,109.6,8.59,26.59
Lake Mendota,2023,212,0.95,0.16,113.8,8.61,26.89
Lake Mendota,2023,213,1.05,0.14,123.8,8.66,26.95
Lake Mendota,2023,214,1.34,0.28,114.9,8.62,26.19
Lake Mendota,2023,215,1.13,0.16,124.0,8.68,26.74
Lake Mendota,2023,216,1.0,0.22,112.5,8.63,26.87
Lake Mendota,2023,217,1.1,0.4,99.9,8.57,25.31
Lake Mendota,2023,218,1.18,0.38,104.9,8.6,25.34
Lake Mendota,2023,219,1.32,0.37,106.0,8.63,25.33
Lake Mendota,2023,220,1.54,0.74,104.2,8.63,25.79
Lake Mendota,2023,221,2.53,2.03,99.1,8.6,25.77
Lake Mendota,2023,222,2.7,2.49,100.9,8.6,26.3
Lake Mendota,2023,223,2.42,2.19,99.9,8.6,25.96
Lake Mendota,2023,224,1.85,1.35,96.6,8.6,25.63
Lake Mendota,2023,225,2.18,1.74,92.0,8.58,25.2
Lake Mendota,2023,226,1.93,0.78,87.9,8.53,23.99
Lake Mendota,2023,227,1.72,0.64,98.4,8.57,23.65
Lake Mendota,2023,228,1.82,0.59,103.7,8.71,24.17
Lake Mendota,2023,229,1.2,0.43,99.8,8.78,23.31
Lake Mendota,2023,230,1.44,0.42,104.7,8.8,23.38
Lake Mendota,2023,231,1.74,0.49,104.8,8.79,23.11
Lake Mendota,2023,232,1.35,0.42,111.1,8.79,24.89
Lake Mendota,2023,233,1.94,0.38,115.8,8.82,24.85
Lake Mendota,2023,234,2.51,0.55,117.0,8.84,23.84
Lake Mendota,2023,235,2.58,0.62,122.4,8.86,25.36
Lake Mendota,2023,236,2.67,0.49,120.0,8.84,26.77
Lake Mendota,2023,237,2.62,0.51,113.3,8.81,26.54
Lake Mendota,2023,238,1.67,0.46,105.6,8.79,25.52
Lake Mendota,2023,239,1.38,0.4,107.5,8.82,24.85
Lake Mendota,2023,240,1.58,0.51,107.2,8.81,24.94
Lake Mendota,2023,241,1.5,0.45,109.2,8.83,24.89
Lake Mendota,2023,242,1.5,0.45,104.6,8.82,24.35
Lake Mendota,2023,243,2.14,0.8,104.3,8.82,23.73
Lake Mendota,2023,244,1.99,0.81,98.0,8.78,23.28
Lake Mendota,2023,245,1.98,0.67,104.7,8.81,23.19
Lake Mendota,2023,246,1.52,0.35,102.9,8.79,23.46
Lake Mendota,2023,247,1.63,0.31,103.5,8.78,23.78
Lake Mendota,2023,248,1.5,0.3,102.8,8.78,23.79
Lake Mendota,2023,249,1.6,0.36,98.7,8.76,23.47
Lake Mendota,2023,250,1.2,0.4,101.2,8.78,23.05
Lake Mendota,2023,251,1.43,0.4,101.8,8.8,22.72
Lake Mendota,2023,252,1.45,0.52,102.5,8.78,23.28
Lake Mendota,2023,253,1.32,0.35,103.3,8.79,23.12
Lake Mendota,2023,254,1.46,0.41,99.3,8.76,22.62
Lake Mendota,2023,255,0.89,0.35,102.3,8.78,22.46
Lake Mendota,2023,256,0.45,0.34,101.8,8.77,22.21
Lake Mendota,2023,257,0.47,0.31,105.2,8.79,22.03
Lake Mendota,2023,258,0.48,0.26,100.3,8.77,21.58
Lake Mendota,2023,259,0.51,0.28,99.2,8.76,21.32
Lake Mendota,2023,260,0.48,0.26,99.3,8.74,21.11
Lake Mendota,2023,261,0.52,0.26,103.9,8.77,21.2
Lake Mendota,2023,262,0.66,0.34,99.6,8.76,20.66
Lake Mendota,2023,263,0.53,0.39,95.5,8.72,20.72
Lake Mendota,2023,264,0.54,0.36,103.3,8.76,21.1
Lake Mendota,2023,265,0.64,0.45,88.9,8.67,20.54
Lake Mendota,2023,266,0.56,0.47,93.1,8.7,20.48
Lake Mendota,2023,267,0.57,0.5,92.0,8.68,20.12
Lake Mendota,2023,268,0.63,0.45,91.9,8.67,20.11
Lake Mendota,2023,269,0.71,0.53,90.6,8.65,19.85
Lake Mendota,2023,270,0.66,0.6,90.4,8.62,19.7
Lake Mendota,2023,271,0.8,0.51,94.9,8.67,19.82
Lake Mendota,2023,272,0.93,0.45,100.8,8.72,19.9
Lake Mendota,2023,273,0.91,0.46,100.6,8.72,20.04
Lake Mendota,2023,274,0.98,0.47,96.9,8.69,20.04
Lake Mendota,2023,275,0.72,0.45,100.8,8.75,20.13
Lake Mendota,2023,276,0.39,0.31,108.9,8.84,20.57
Lake Mendota,2023,277,0.39,0.33,95.9,8.76,20.15
Lake Mendota,2023,278,0.42,0.32,101.1,8.81,20.37
Lake Mendota,2023,279,0.49,0.33,100.1,8.83,19.23
Lake Mendota,2023,280,0.47,0.36,97.3,8.82,18.34
Lake Mendota,2023,281,0.5,0.39,97.0,8.83,18.08
Lake Mendota,2023,282,0.54,0.38,96.1,8.82,17.16
Lake Mendota,2023,283,0.61,0.41,93.2,8.8,16.6
Lake Mendota,2023,284,0.65,0.49,93.7,8.79,17.02
Lake Mendota,2023,285,0.65,0.46,88.6,8.73,16.18
Lake Mendota,2023,286,0.64,0.38,84.8,8.68,14.86
Lake Mendota,2023,287,0.71,0.41,86.5,8.57,14.16
Lake Mendota,2023,288,0.63,0.29,83.7,8.52,14.13
Lake Mendota,2023,289,0.96,0.36,82.4,8.5,14.16
Lake Mendota,2023,290,1.14,0.39,78.7,8.47,14.51
Lake Mendota,2023,291,1.85,0.42,75.9,8.43,14.21
Lake Mendota,2023,292,1.97,0.36,74.6,8.42,14.06
Lake Mendota,2023,293,1.76,0.26,81.2,8.42,13.8
Lake Mendota,2023,294,2.3,0.61,81.4,8.42,13.59
Lake Mendota,2023,295,3.26,0.39,82.6,8.42,13.57
Lake Mendota,2023,296,5.02,0.76,78.4,8.39,13.41
Lake Mendota,2023,297,5.83,0.7,78.6,8.38,13.72
Lake Mendota,2023,298,6.57,0.68,72.5,8.29,13.82
Lake Mendota,2023,299,2.62,0.26,65.9,8.21,13.89
Lake Mendota,2023,300,2.8,0.23,77.1,8.29,14.07
Lake Mendota,2023,301,3.71,0.32,82.6,8.32,12.82
Lake Mendota,2023,302,5.12,0.55,87.1,8.37,12.3
Lake Mendota,2023,303,3.69,0.39,86.4,8.38,11.56
Lake Mendota,2023,304,1.12,0.11,87.0,8.38,11.2
Lake Mendota,2023,305,0.93,0.04,85.4,8.35,10.96
Lake Mendota,2023,306,1.06,0.07,84.2,8.33,10.74
Lake Mendota,2023,307,1.2,0.1,83.2,8.31,10.55
Lake Mendota,2023,313,1.09,0.0,80.7,8.18,9.72
Lake Mendota,2023,315,1.87,0.04,79.2,8.17,9.54
Lake Mendota,2023,316,1.96,0.44,78.9,8.15,9.5
Lake Mendota,2023,317,1.96,0.1,80.2,8.15,9.27
Lake Mendota,2023,318,2.41,0.1,82.4,8.17,9.35
Lake Mendota,2023,319,2.69,0.1,82.9,8.17,9.52
Lake Mendota,2023,320,3.19,0.12,81.7,8.15,9.46
Lake Mendota,2024,103,4.31,0.2,122.6,8.62,8.47
Lake Mendota,2024,106,3.76,0.16,142.9,8.69,10.15
Lake Mendota,2024,109,5.79,0.46,110.4,8.53,8.61
Lake Mendota,2024,110,3.49,0.13,108.1,8.52,8.62
Lake Mendota,2024,112,2.59,0.05,108.4,8.53,8.62
Lake Mendota,2024,113,3.26,0.17,109.2,8.51,9.15
Lake Mendota,2024,114,2.25,0.0,106.3,8.48,9.23
Lake Mendota,2024,116,2.58,0.05,105.1,8.48,8.9
Lake Mendota,2024,117,2.82,0.03,102.3,8.47,8.45
Lake Mendota,2024,119,2.84,0.01,100.2,8.4,9.71
Lake Mendota,2024,120,2.37,0.0,103.1,8.43,10.1
Lake Mendota,2024,127,1.76,0.15,101.8,8.53,12.36
Lake Mendota,2024,128,2.75,0.28,89.5,8.42,11.34
Lake Mendota,2024,129,2.89,0.3,103.3,8.51,13.75
Lake Mendota,2024,131,0.81,0.03,105.5,8.53,14.61
Lake Mendota,2024,137,1.32,0.15,105.7,8.53,14.94
Lake Mendota,2024,138,0.69,0.2,109.5,8.52,16.53
Lake Mendota,2024,139,2.11,0.26,115.1,8.57,16.33
Lake Mendota,2024,140,0.97,0.24,123.1,8.62,17.78
Lake Mendota,2024,141,2.01,0.68,126.8,8.68,17.3
Lake Mendota,2024,142,6.42,2.8,112.4,8.6,16.94
Lake Mendota,2024,143,0.67,0.13,103.3,8.51,16.06
Lake Mendota,2024,144,0.25,0.31,112.3,8.53,17.3
Lake Mendota,2024,145,0.27,0.25,103.9,8.48,16.75
Lake Mendota,2024,146,0.16,0.18,109.0,8.53,17.38
Lake Mendota,2024,147,0.25,0.11,98.2,8.46,16.58
Lake Mendota,2024,148,0.35,0.25,100.9,8.48,16.58
Lake Mendota,2024,149,0.46,1.59,116.0,8.61,17.53
Lake Mendota,2024,150,0.42,2.43,127.6,8.72,17.84
Lake Mendota,2024,151,0.25,1.05,118.7,8.65,17.41
Lake Mendota,2024,153,0.1,0.04,106.6,8.58,17.0
Lake Mendota,2024,154,0.76,1.74,128.1,8.71,18.18
Lake Mendota,2024,155,5.71,1.37,114.7,8.65,17.55
Lake Mendota,2024,156,1.41,0.35,109.8,8.62,17.85
Lake Mendota,2024,157,0.28,0.88,122.2,8.73,19.46
Lake Mendota,2024,158,0.33,2.25,123.2,8.82,20.39
Lake Mendota,2024,159,0.2,0.96,116.7,8.81,19.9
Lake Mendota,2024,160,0.25,0.53,100.1,8.71,19.84
Lake Mendota,2024,161,0.63,0.23,94.5,8.67,19.8
Lake Mendota,2024,162,0.47,0.08,87.3,8.59,20.05
Lake Mendota,2024,166,0.74,0.04,100.2,8.57,21.05
Lake Mendota,2024,167,1.32,0.19,98.4,8.56,20.84
Lake Mendota,2024,168,1.13,0.14,97.4,8.58,20.22
Lake Mendota,2024,169,1.35,0.13,105.2,8.6,21.44
Lake Mendota,2024,170,0.92,0.08,111.2,8.54,21.72
Lake Mendota,2024,171,0.33,0.04,113.1,8.47,22.79
Lake Mendota,2024,172,0.46,0.15,109.3,8.46,23.34
Lake Mendota,2024,173,0.42,0.12,111.2,8.48,23.64
Lake Mendota,2024,174,0.3,0.08,104.9,8.45,23.53
Lake Mendota,2024,175,0.22,0.07,99.7,8.43,23.46
Lake Mendota,2024,176,0.14,0.06,103.1,8.45,23.64
Lake Mendota,2024,177,0.16,0.08,98.6,8.43,23.63
Lake Mendota,2024,178,0.32,0.6,115.4,8.54,25.01
Lake Mendota,2024,179,0.35,0.7,110.7,8.56,24.8
Lake Mendota,2024,180,0.22,0.12,91.8,8.44,23.13
Lake Mendota,2024,181,0.28,0.4,105.6,8.53,23.68
Lake Mendota,2024,182,0.64,2.95,126.7,8.66,24.0
Lake Mendota,2024,183,0.37,0.3,100.3,8.54,23.09
Lake Mendota,2024,184,0.42,0.08,86.2,8.44,22.09
Lake Mendota,2024,185,0.69,0.65,110.3,8.61,23.36
Lake Mendota,2024,186,1.09,1.82,117.1,8.67,23.67
Lake Mendota,2024,187,1.63,3.74,131.7,8.77,23.61
Lake Mendota,2024,188,1.76,2.62,139.4,8.78,24.18
Lake Mendota,2024,189,1.46,1.71,128.1,8.75,23.92
Lake Mendota,2024,190,1.54,0.75,124.7,8.73,24.33
Lake Mendota,2024,191,2.11,1.18,156.1,8.8,25.78
Lake Mendota,2024,192,0.71,0.68,187.6,8.93,27.19
Lake Mendota,2024,193,0.51,0.77,171.7,8.86,26.3
Lake Mendota,2024,194,0.9,1.23,188.7,8.91,25.48
Lake Mendota,2024,195,0.82,1.16,113.3,8.63,24.18
Lake Mendota,2024,196,0.37,1.05,112.8,8.71,24.7
Lake Mendota,2024,197,0.55,1.61,140.9,8.88,26.19
Lake Mendota,2024,198,0.58,1.59,138.9,8.88,26.57
Lake Mendota,2024,199,0.42,1.18,132.6,8.92,26.9
Lake Mendota,2024,200,0.48,1.27,131.3,8.94,26.48
Lake Mendota,2024,201,0.47,1.4,126.9,8.89,26.17
Lake Mendota,2024,202,0.39,1.62,119.0,8.87,25.69
Lake Mendota,2024,203,0.42,1.63,126.3,8.91,25.94
Lake Mendota,2024,204,0.48,1.69,134.1,8.95,25.89
Lake Mendota,2024,205,0.54,1.65,104.9,8.81,25.22
Lake Mendota,2024,206,0.57,1.51,120.8,8.93,25.31
Lake Mendota,2024,207,0.7,1.63,125.1,8.93,25.26
Lake Mendota,2024,208,0.78,1.53,89.9,8.74,24.51
Lake Mendota,2024,209,0.72,1.62,100.2,8.8,24.37
Lake Mendota,2024,210,0.93,2.22,93.7,8.76,24.16
Lake Mendota,2024,211,1.14,3.46,98.8,8.77,24.79
Lake Mendota,2024,212,0.47,1.03,121.2,8.83,25.57
Lake Mendota,2024,213,0.38,0.8,131.1,8.81,26.48
Lake Mendota,2024,214,0.49,1.17,124.7,8.78,26.1
Lake Mendota,2024,215,0.52,0.98,117.8,8.76,26.9
Lake Mendota,2024,216,0.67,0.77,120.0,8.77,27.47
Lake Mendota,2024,217,1.03,0.97,120.1,8.77,26.98
Lake Mendota,2024,218,0.97,1.2,102.2,8.67,26.17
Lake Mendota,2024,219,0.79,0.9,77.8,8.46,24.34
Lake Mendota,2024,220,1.2,1.26,94.6,8.59,24.51
Lake Mendota,2024,221,1.0,1.11,97.5,8.61,24.38
Lake Mendota,2024,222,1.36,1.31,98.0,8.63,23.54
Lake Mendota,2024,223,1.65,1.74,94.6,8.59,23.03
Lake Mendota,2024,224,2.09,1.99,97.1,8.59,23.09
Lake Mendota,2024,225,3.17,4.26,101.7,8.58,24.02
Lake Mendota,2024,226,3.24,3.7,113.5,8.63,25.09
Lake Mendota,2024,227,4.37,5.66,108.0,8.64,24.22
Lake Mendota,2024,228,4.79,5.26,65.1,8.33,22.67
Lake Mendota,2024,229,3.71,4.57,110.6,8.67,23.83
Lake Mendota,2024,230,1.19,0.91,105.5,8.68,23.95
Lake Mendota,2024,231,1.08,0.9,104.8,8.67,23.8
Lake Mendota,2024,232,0.97,0.82,105.3,8.67,24.04
Lake Mendota,2024,233,1.08,0.89,102.5,8.65,23.62
Lake Mendota,2024,234,1.3,0.89,106.5,8.67,23.65
Lake Mendota,2024,235,1.8,0.91,90.0,8.55,23.01
Lake Mendota,2024,236,2.81,0.99,102.4,8.64,22.92
Lake Mendota,2024,237,4.17,1.36,103.5,8.64,23.14
Lake Mendota,2024,238,5.26,3.32,96.8,8.6,23.04
Lake Mendota,2024,239,5.13,4.32,102.2,8.63,23.67
Lake Mendota,2024,240,3.66,1.6,115.3,8.69,26.07
Lake Mendota,2024,241,2.76,1.28,112.5,8.69,26.52
Lake Mendota,2024,243,0.59,0.55,105.6,8.64,24.54
Lake Mendota,2024,244,0.62,0.54,104.0,8.63,24.7
Lake Mendota,2024,245,0.65,0.43,101.5,8.62,24.41
Lake Mendota,2024,246,0.79,0.4,98.2,8.6,24.37
Lake Mendota,2024,247,1.34,0.57,92.3,8.58,23.7
Lake Mendota,2024,248,1.99,0.84,93.5,8.58,23.25
Lake Mendota,2024,249,1.99,0.95,89.3,8.55,22.8
Lake Mendota,2024,250,2.27,0.48,95.4,8.57,22.6
Lake Mendota,2024,251,3.75,0.7,95.5,8.58,21.92
Lake Mendota,2024,252,5.1,0.95,93.9,8.56,21.86
Lake Mendota,2024,253,7.37,1.27,94.5,8.56,21.77
Lake Mendota,2024,254,9.34,1.3,90.3,8.52,21.79
Lake Mendota,2024,255,11.07,1.77,92.4,8.52,21.66
Lake Mendota,2024,256,13.22,1.78,93.2,8.52,21.6
Lake Mendota,2024,257,8.05,1.21,91.0,8.53,21.37
Lake Mendota,2024,258,0.78,0.31,92.0,8.57,21.49
Lake Mendota,2024,259,0.94,0.36,102.5,8.63,22.0
Lake Mendota,2024,260,1.18,0.48,110.7,8.67,22.16
Lake Mendota,2024,261,1.19,0.48,115.7,8.7,22.42
Lake Mendota,2024,262,1.37,0.6,121.6,8.74,22.77
Lake Mendota,2024,263,1.57,0.52,123.8,8.76,22.64
Lake Mendota,2024,264,1.4,0.42,113.1,8.73,22.78
Lake Mendota,2024,265,2.07,0.55,111.0,8.73,22.93
Lake Mendota,2024,266,2.87,0.34,88.1,8.57,21.74
Lake Mendota,2024,267,3.91,0.33,90.7,8.62,21.36
Lake Mendota,2024,268,2.7,0.32,91.9,8.62,21.02
Lake Mendota,2024,269,2.44,0.35,91.3,8.59,21.7
Lake Mendota,2024,270,2.12,0.52,102.2,8.63,22.55
Lake Mendota,2024,271,1.81,1.97,105.7,8.69,21.77
Lake Mendota,2024,272,1.8,1.03,105.0,8.71,21.18
Lake Mendota,2024,273,1.97,1.57,111.1,8.75,21.25
Lake Mendota,2024,274,1.65,0.89,108.9,8.72,21.53
Lake Mendota,2024,275,0.97,0.43,89.8,8.54,20.16
Lake Mendota,2024,276,1.57,0.59,105.6,8.71,20.04
Lake Mendota,2024,277,1.28,0.64,100.5,8.66,19.81
Lake Mendota,2024,278,1.17,0.69,98.7,8.64,19.42
Lake Mendota,2024,279,1.64,0.9,99.4,8.64,19.34
Lake Mendota,2024,280,1.15,0.5,87.9,8.53,18.71
Lake Mendota,2024,281,1.43,0.72,86.0,8.5,18.55
Lake Mendota,2024,282,1.95,1.06,93.8,8.55,18.74
Lake Mendota,2024,283,2.35,1.68,98.5,8.59,18.71
Lake Mendota,2024,284,2.48,1.37,90.6,8.54,18.11
Lake Mendota,2024,285,2.97,1.6,98.0,8.58,18.26
Lake Mendota,2024,286,2.7,1.64,94.5,8.56,17.74
Lake Mendota,2024,287,3.24,1.85,88.5,8.5,16.86
Lake Mendota,2024,288,3.6,1.86,86.9,8.46,16.13
Lake Mendota,2024,289,4.5,3.12,88.3,8.45,15.46
Lake Mendota,2024,290,3.84,4.55,80.1,8.36,15.36
Lake Mendota,2024,291,4.0,6.54,79.0,8.34,15.22
Lake Mendota,2024,292,4.51,8.66,73.1,8.28,15.0
Lake Mendota,2024,293,5.35,8.08,67.8,8.22,14.87
Lake Mendota,2024,294,6.93,8.86,67.5,8.2,15.01
Lake Mendota,2024,295,7.93,9.96,71.0,8.23,15.18
Lake Mendota,2024,296,9.39,10.16,63.8,8.15,14.78
Lake Mendota,2024,297,7.96,3.41,68.8,8.14,14.47
Lake Mendota,2024,298,9.52,3.08,74.9,8.22,14.56
Lake Mendota,2024,299,9.93,2.57,78.0,8.21,14.26
Lake Mendota,2024,300,12.04,3.34,83.2,8.27,14.59
Lake Mendota,2024,301,15.98,5.74,86.9,8.33,14.4
Lake Mendota,2024,302,34.04,7.5,79.4,8.25,14.07
Lake Mendota,2024,303,10.74,2.02,71.8,8.13,14.57
Lake Mendota,2024,304,7.17,1.3,67.2,8.07,14.89
Lake Mendota,2024,305,9.0,1.49,60.8,7.97,14.5
Lake Mendota,2024,306,11.26,2.15,68.9,8.06,13.8
Lake Mendota,2024,307,12.29,3.62,71.0,8.08,13.7
Lake Mendota,2024,308,13.19,3.56,72.1,8.09,13.25
Lake Mendota,2024,309,14.76,5.36,59.4,7.96,13.5
